<?xml version="1.0" encoding="UTF-8"?>
<project-private xmlns="http://www.netbeans.org/ns/project-private/1">
    <editor-bookmarks xmlns="http://www.netbeans.org/ns/editor-bookmarks/2" lastBookmarkId="0"/>
    <open-files xmlns="http://www.netbeans.org/ns/projectui-open-files/2">
        <group>
            <file>file:/H:/Microprocessors/MicroProj/nurse_uart_4_lcd.s</file>
            <file>file:/H:/Microprocessors/MicroProj/LCD.s</file>
            <file>file:/H:/Microprocessors/MicroProj/client_main.s</file>
            <file>file:/H:/Microprocessors/MicroProj/UART.s</file>
            <file>file:/H:/Microprocessors/MicroProj/spi.s</file>
            <file>file:/H:/Microprocessors/MicroProj/main.s</file>
            <file>file:/H:/Microprocessors/MicroProj/nurse_interrupt.s</file>
            <file>file:/H:/Microprocessors/MicroProj/client_interrupt.s</file>
            <file>file:/H:/Microprocessors/MicroProj/DAC_interrupt.s</file>
            <file>file:/H:/Microprocessors/MicroProj/client_spi.s</file>
            <file>file:/H:/Microprocessors/MicroProj/nurse_lcd_main.s</file>
        </group>
    </open-files>
</project-private>
